Text Instruction,Input Image,Segmentation Output,Text Output,timestamp
Find the weirdest thing in this image.,.gradio/flagged/Input Image/259032c2c064d65ff56a/000000000069.jpg,.gradio/flagged/Segmentation Output/f9102846dc765b54b544/image.webp,"ASSITANT: Sure, [SEG] .</s>",2025-02-13 06:07:12.953239
Segment the things that are helping the people in this image see better.,.gradio/flagged/Input Image/ac2cc4517920dd4405e0/000000000069.jpg,.gradio/flagged/Segmentation Output/4fb96bf734f18b42839a/image.webp,"ASSITANT: Sure, [SEG] .</s>",2025-02-13 06:08:34.989733
Segment the things that are helping the people in this image see better.,.gradio/flagged/Input Image/a49c7d772ffc5e1dddcd/000000000069.jpg,.gradio/flagged/Segmentation Output/e693635e854fa4f6f621/image.webp,"ASSITANT: Sure, [SEG] .</s>",2025-02-13 06:08:51.031471
Segment the things that are helping the people in this image see better. Do you think it's a wine bottle? How can wine help people see?,.gradio/flagged/Input Image/bf7dc13f162fe836488a/000000000069.jpg,.gradio/flagged/Segmentation Output/51d887e20c1fd9003cd6/image.webp,"ASSITANT: Sure, the segmentation result is [SEG] .</s>",2025-02-13 06:09:15.282811
Segment the glasses.,.gradio/flagged/Input Image/196a22c44bd0192cac38/000000000069.jpg,.gradio/flagged/Segmentation Output/6bdf120501a0dd68e797/image.webp,"ASSITANT: Sure, [SEG] .</s>",2025-02-13 06:09:26.564672
Segment all the wine in this image.,.gradio/flagged/Input Image/32426059407a5ff03d15/000000000069.jpg,.gradio/flagged/Segmentation Output/539c5daf21d5ce74e679/image.webp,"ASSITANT: Sure, [SEG] .</s>",2025-02-13 06:09:38.401216
Segment the hair in this image.,.gradio/flagged/Input Image/63b3b7e51522b57ca4c8/000000000069.jpg,.gradio/flagged/Segmentation Output/684ac5e42806ce5ae6cb/image.webp,"ASSITANT: Sure, [SEG] .</s>",2025-02-13 06:10:01.868833
Segment the things in this image that protect people from messes.,.gradio/flagged/Input Image/a27e227a6574ab96297b/000000000069.jpg,.gradio/flagged/Segmentation Output/404298cf4569c6fa1710/image.webp,"ASSITANT: Sure, [SEG] .</s>",2025-02-13 06:10:26.633173
Segment the things in this image that protect people from messes. Explain what those things are.,.gradio/flagged/Input Image/26cf8b77cf0287fe9738/000000000069.jpg,.gradio/flagged/Segmentation Output/64d27a22de8dbfd2b457/image.webp,"ASSITANT: Sure, the segmentation result is [SEG] .</s>",2025-02-13 06:10:46.314396
Segment the things in this image that protect people from messes. Explain what those things are in detail after.,.gradio/flagged/Input Image/1604401bea844350a8f0/000000000069.jpg,.gradio/flagged/Segmentation Output/25128b199dd7b4ee1263/image.webp,"ASSITANT: Sure, the segmentation result is [SEG] .</s>",2025-02-13 06:11:04.467546
